Predictor variable,Categorical,Sample average
bio_14,false,91.53703703703704
bio_15,false,13.175107443774188
bio_18,false,365.18518518518516
bio_3,false,38.690598805745445
bio_7,false,32.31666656776711
bio_8,false,15.058333313023603
bio_9,false,10.993518490206313
elev,false,601.4074074074074
