Predictor variable,Categorical,Sample average
bio_14,false,94.77777777777777
bio_15,false,12.699717768916377
bio_18,false,370.4074074074074
bio_3,false,38.57880083719889
bio_7,false,32.09814823998345
bio_8,false,13.970987657705942
bio_9,false,10.966975265906918
elev,false,656.7592592592592
