Predictor variable,Categorical,Sample average
bio_14,false,90.07407407407408
bio_15,false,13.22718201743232
bio_18,false,359.31481481481484
bio_3,false,38.57007874382867
bio_7,false,32.51111104753282
bio_8,false,15.382098778530404
bio_9,false,11.385493753960839
elev,false,567.6666666666666
