Predictor variable,Categorical,Sample average
bio_14,false,93.20370370370371
bio_15,false,12.94954075636687
bio_18,false,369.037037037037
bio_3,false,38.781941731770836
bio_7,false,32.30370369663945
bio_8,false,14.648148132695091
bio_9,false,11.071604916894877
elev,false,637.2962962962963
