Predictor variable,Categorical,Sample average
bio_14,false,93.48148148148148
bio_15,false,12.769920684673169
bio_18,false,368.98148148148147
bio_3,false,38.7347679844609
bio_7,false,32.166666701987936
bio_8,false,14.501234507119214
bio_9,false,11.03364193191131
elev,false,643.4444444444445
