"statistic","auc.train","cbi.train","auc.val","auc.diff","cbi.val","or.mtp","or.10p"
"emp.mean",0.871306721311475,NA,0.849451391434906,0.0640608905532569,NA,0,0.136065573770492
"emp.sd",NA,NA,0.0592397722485192,0.0321992344661108,NA,0,0.0828152848545252
"null.mean",0.616272524385246,NA,0.866589217470626,0.267729017106328,NA,0.00114344262295082,0.0131844262295082
"null.sd",0.00451692789516935,NA,0.0100662142881501,0.0141562315356413,NA,0.00178707969002108,0.00354790590030551
"zscore",56.4618702899767,NA,-1.70250955772862,-14.3871711931451,NA,-0.639838631335645,34.6348384071861
"pvalue",0,NA,0.955670055835381,3.11460493303272e-47,NA,0.261138757264777,1
