"statistic","auc.train","cbi.train","auc.val","auc.diff","cbi.val","or.mtp","or.10p"
"emp.mean",0.876340102459016,0.998,0.855081247053894,0.0636662723976792,0.933,0.000819672131147541,0.138524590163934
"emp.sd",NA,NA,0.0596298365260632,0.0324867279098098,0.093900656724718,0.00163934426229508,0.0808059820591295
"null.mean",0.616359242418033,0.9816,0.877315943233995,0.279807332748477,0.912385,0.00180737704918033,0.0132622950819672
"null.sd",0.00429210133552401,0.0108795053363485,0.00922430308119171,0.0144723921432167,0.0380703224669207,0.00233324956716656,0.00292652013619549
"zscore",60.5719296255253,1.50742147671065,-2.41044727004225,-14.9347155751376,0.541497908716492,-0.423317304728885,42.8024716224265
"pvalue",0,0.065851328609501,0.992033512852377,9.79541026973855e-51,0.294082219355703,0.336031885187969,1
